{
  "train_loss": [
    0.5134162803490957,
    0.561968187491099,
    0.5128596425056458,
    0.4595470229784648,
    0.4032883942127228,
    0.3544124364852905,
    0.31702685356140137,
    0.28966453671455383,
    0.26978279153505963
  ],
  "train_acc": [
    0.7466666499773661,
    0.7112500071525574,
    0.7308333317438761,
    0.7912500103314718,
    0.8641666571299235,
    0.9020833174387614,
    0.9108333388964335,
    0.918750007947286,
    0.9224999944368998
  ],
  "val_loss": [
    0.513847420612971,
    0.5700645248095194,
    0.5236319502194723,
    0.4712514380613963,
    0.41447799404462177,
    0.3647245268026988,
    0.32729771733283997,
    0.2997453510761261,
    0.2801058391729991
  ],
  "val_acc": [
    0.75,
    0.703333338101705,
    0.7216666539510092,
    0.7766666611035665,
    0.8549999992052714,
    0.8799999952316284,
    0.8866666555404663,
    0.9016666611035665,
    0.9100000063578287
  ]
}