round,loss,accuracy
1,0.5814751891216429,0.6930693045701131
2,0.4918250460730921,0.7227722837193178
3,0.4162596838899178,0.8118812013970743
4,0.34606356697507423,0.836633679005179
5,0.297674169339756,0.8811881191069537
6,0.26717397917320235,0.8910891121566886
7,0.24698698026413965,0.8960396131076435
8,0.23438209937055512,0.9158415897647934
9,0.2258717745985135,0.9108910950103609
